-- MySQL dump 10.13  Distrib 8.0.38, for macos14 (x86_64)
--
-- Host: us-cluster-east-01.k8s.cleardb.net    Database: heroku_bcd9c36422ff993
-- ------------------------------------------------------
-- Server version	8.0.20

/*!40101 SET @OLD_CHARACTER_SET_CLIENT=@@CHARACTER_SET_CLIENT */;
/*!40101 SET @OLD_CHARACTER_SET_RESULTS=@@CHARACTER_SET_RESULTS */;
/*!40101 SET @OLD_COLLATION_CONNECTION=@@COLLATION_CONNECTION */;
/*!50503 SET NAMES utf8 */;
/*!40103 SET @OLD_TIME_ZONE=@@TIME_ZONE */;
/*!40103 SET TIME_ZONE='+00:00' */;
/*!40014 SET @OLD_UNIQUE_CHECKS=@@UNIQUE_CHECKS, UNIQUE_CHECKS=0 */;
/*!40014 SET @OLD_FOREIGN_KEY_CHECKS=@@FOREIGN_KEY_CHECKS, FOREIGN_KEY_CHECKS=0 */;
/*!40101 SET @OLD_SQL_MODE=@@SQL_MODE, SQL_MODE='NO_AUTO_VALUE_ON_ZERO' */;
/*!40111 SET @OLD_SQL_NOTES=@@SQL_NOTES, SQL_NOTES=0 */;
SET @MYSQLDUMP_TEMP_LOG_BIN = @@SESSION.SQL_LOG_BIN;
SET @@SESSION.SQL_LOG_BIN= 0;

--
-- GTID state at the beginning of the backup 
--

SET @@GLOBAL.GTID_PURGED=/*!80000 '+'*/ '07264dc5-5c1f-11ef-8bef-aae32bc4e1d5:1-17015584,
0bd7810f-b967-11ee-a921-ceb303c109c5:1-167,
12c4e5f3-9c2e-11ee-ac42-e259eb08b713:1-41,
12d886e5-a78f-11ee-b22c-461f33dd6e0d:1-2409019,
13f08cd5-d626-11ee-a0e6-7265b726f0fd:1-158,
15cd0bfe-a37e-11ee-b6a8-a6fad47b2784:1-33,
17a0da85-b247-11ee-a891-7369b542e1ec:1-10914794,
1bea0065-e4a9-11ee-a7b4-f6653f9b169c:1-4,
278816aa-5bd2-11ef-bb54-663ba13a1349:1-148,
29bfec0b-e11b-11ee-ade3-d690aa908b8f:1-1589426,
303d126e-bd67-11ee-b35d-0e9b7de11758:1,
3527f4ad-91d6-11ee-98a7-42a9568fe801:1,
3d18226a-dd94-11ee-94a0-c7790082dd8f:1-1422795,
45cb8c99-8bae-11ee-82d0-26ee1ea99514:1-367565,
4e979d8d-5bcb-11ef-af5a-faa7e1b2c718:1-162,
5766b902-d669-11ee-82ec-2fffec5d2b6c:1-3076393,
5ee9ae76-e523-11ee-a56a-e6b27b19fc86:1,
62f52554-e52e-11ee-a0bc-bfbaedec8860:1-2549730,
63d6c882-4746-11ee-b320-46e1adce9ced:1-235318,
67149103-0e45-11ef-ade4-7f5cfe79ffd3:1-3605587,
684c3c21-be24-11ee-b3d1-ceb303c109c5:1-142,
6d9aff05-d66a-11ee-a741-c234e2c5e25c:1-2,
6fc6c0e5-e48d-11ee-a4a4-fe4b5c279bea:1,
7964633d-dd86-11ee-9a8d-62471b9b2a10:1-84,
7beddf10-e536-11ee-a1c8-2ed100386d44:1-2156,
7d8ead6e-5501-11ef-aa07-0adc45880e4a:1-4879363,
7ea39c57-c163-11ee-ba2f-4e79623136c3:1-385,
836bc40c-9869-11ee-a3c0-42a9568fe801:1-16,
84fe8100-887d-11ee-89ca-3e8864aa62bb:1-14,
86474e2b-773a-11ee-809e-13a21666bf00:1-235546,
872f42a6-e0a7-11ee-a174-0220c4047765:1,
88be7c7d-e7cb-11ee-b505-523391c3639f:1-10800885,
9bc4584b-4746-11ee-a1a7-feae0c1aaac0:1-4,
9dc00782-81a4-11ee-849b-42a9568fe801:1-72,
a439f611-ec15-11ee-beca-167e1f0cef0b:1-606,
a60c559d-fc0d-11ee-b44f-32f0b8b5fca1:1-7772065,
b9aedd21-5bd3-11ef-899a-83c129a7f7d2:1-88649,
be8f2cf6-8c57-11ee-90c9-42a9568fe801:1-107,
c1fab70c-d69b-11ee-9241-9a939cdb5401:1-13409,
c586c347-cacc-11ee-8930-a6185dedbbc2:1-3718,
c970f2f1-773a-11ee-b186-1636f2722975:1-104,
ca1e866f-d790-11ee-9602-c234e2c5e25c:1-124,
cb1028b2-b685-11ee-a4fb-e27bf70198e6:1,
d6af15b2-d07b-11ee-9ec0-3a6eacb1230f:1-2579987,
d79211da-9c2d-11ee-8fd6-7fad5feaf976:1-1433483,
d95e749c-5b4f-11ef-912d-075172fe87f8:1-243600,
dbb1b23e-b247-11ee-a2eb-ceb303c109c5:1-81,
dfcb127a-91d7-11ee-9aed-3e8864aa62bb:1-59,
e4b805b8-1618-11ef-ad1f-7fcc2e4f2bfb:1-27443502,
e611f337-e48d-11ee-a892-e20bfc740b97:1-31968,
e7b901b4-8e2d-11ee-9354-3e8864aa62bb:1-136,
e7c5c4ff-e4ff-11ee-b8f3-7ece6b4057d7:1-190902,
ed27791a-5870-ee11-4dd3-b9e0cc2291f2:1-5053,
eedcf0df-b52e-11ee-a067-8ad9246b9fb7:1,
f09eb7e4-e12f-11ee-a2fc-561692de67a2:1-43,
f6044004-f8e2-11ee-96f4-4ea46ae29a5d:1-26187';

--
-- Table structure for table `countries`
--

DROP TABLE IF EXISTS `countries`;
/*!40101 SET @saved_cs_client     = @@character_set_client */;
/*!50503 SET character_set_client = utf8mb4 */;
CREATE TABLE `countries` (
  `id` int NOT NULL AUTO_INCREMENT,
  `country_name` varchar(255) COLLATE utf8mb4_general_ci NOT NULL,
  `capital_name` varchar(255) COLLATE utf8mb4_general_ci NOT NULL,
  PRIMARY KEY (`id`)
) ENGINE=InnoDB AUTO_INCREMENT=202 DEFAULT CHARSET=utf8mb4 COLLATE=utf8mb4_general_ci;
/*!40101 SET character_set_client = @saved_cs_client */;

--
-- Dumping data for table `countries`
--

LOCK TABLES `countries` WRITE;
/*!40000 ALTER TABLE `countries` DISABLE KEYS */;
INSERT INTO `countries` VALUES (1,'Afghanistan','Kabul / Kandahar'),(2,'Albania','Tirana'),(3,'Algeria','Algiers'),(4,'Andorra','Andorra la Vella'),(5,'Angola','Luanda'),(6,'Antigua and Barbuda','Saint John\'s'),(7,'Argentina','Buenos Aires'),(8,'Armenia','Yerevan'),(9,'Australia','Canberra'),(10,'Austria','Vienna'),(11,'Azerbaijan','Baku'),(12,'Bahamas','Nassau'),(13,'Bahrain','Manama'),(14,'Bangladesh','Dhaka'),(15,'Barbados','Bridgetown'),(16,'Belarus','Minsk'),(17,'Belgium','Brussels'),(18,'Belize','Belmopan'),(19,'Benin','Porto-Novo / Cotonou'),(20,'Bhutan','Thimphu'),(21,'Bolivia','La Paz / Sucre'),(22,'Bosnia and Herzegovina','Sarajevo'),(23,'Botswana','Gaborone'),(24,'Brazil','Brasília'),(25,'Brunei','Bandar Seri Begawan'),(26,'Bulgaria','Sofia'),(27,'Burkina Faso','Ouagadougou'),(28,'Burundi','Gitega / Bujumbura'),(29,'Cabo Verde','Praia'),(30,'Cambodia','Phnom Penh'),(31,'Cameroon','Yaoundé'),(32,'Canada','Ottawa'),(33,'Central African Republic','Bangui'),(34,'Chad','N\'Djamena'),(35,'Chile','Santiago'),(36,'China','Beijing'),(37,'Colombia','Bogotá'),(38,'Comoros','Moroni'),(39,'Democratic Republic of the Congo','Kinshasa'),(40,'Republic of the Congo','Brazzaville'),(41,'Costa Rica','San José'),(42,'Croatia','Zagreb'),(43,'Cuba','Havana'),(44,'Cyprus','Nicosia'),(45,'Czech Republic','Prague'),(46,'Denmark','Copenhagen'),(47,'Djibouti','Djibouti'),(48,'Dominica','Roseau'),(49,'Dominican Republic','Santo Domingo'),(50,'East Timor (Timor-Leste)','Dili'),(51,'Ecuador','Quito'),(52,'Egypt','Cairo'),(53,'El Salvador','San Salvador'),(54,'Equatorial Guinea','Malabo'),(55,'Eritrea','Asmara'),(56,'Estonia','Tallinn'),(57,'Eswatini','Mbabane / Lobamba'),(58,'Ethiopia','Addis Ababa'),(59,'Fiji','Suva'),(60,'Finland','Helsinki'),(61,'France','Paris'),(62,'Gabon','Libreville'),(63,'Gambia','Banjul'),(64,'Georgia','Tbilisi'),(65,'Germany','Berlin'),(66,'Ghana','Accra'),(67,'Greece','Athens'),(68,'Grenada','Saint George\'s'),(69,'Guatemala','Guatemala City'),(70,'Guinea','Conakry'),(71,'Guinea-Bissau','Bissau'),(72,'Guyana','Georgetown'),(73,'Haiti','Port-au-Prince'),(74,'Honduras','Tegucigalpa'),(75,'Hungary','Budapest'),(76,'Iceland','Reykjavik'),(77,'India','New Delhi'),(78,'Indonesia','Jakarta'),(79,'Iran','Tehran'),(80,'Iraq','Baghdad'),(81,'Ireland','Dublin'),(82,'Israel','Jerusalem'),(83,'Italy','Rome'),(84,'Jamaica','Kingston'),(85,'Japan','Tokyo'),(86,'Jordan','Amman'),(87,'Kazakhstan','Astana'),(88,'Kenya','Nairobi'),(89,'Kiribati','South Tarawa'),(90,'North Korea','Pyongyang'),(91,'South Korea','Seoul'),(92,'Kosovo','Pristina'),(93,'Kuwait','Kuwait City'),(94,'Kyrgyzstan','Bishkek'),(95,'Laos','Vientiane'),(96,'Latvia','Riga'),(97,'Lebanon','Beirut'),(98,'Lesotho','Maseru'),(99,'Liberia','Monrovia'),(100,'Libya','Tripoli'),(101,'Liechtenstein','Vaduz'),(102,'Lithuania','Vilnius'),(103,'Luxembourg','Luxembourg'),(104,'Madagascar','Antananarivo'),(105,'Malawi','Lilongwe'),(106,'Malaysia','Kuala Lumpur / Putrajaya'),(107,'Maldives','Malé'),(108,'Mali','Bamako'),(109,'Malta','Valletta'),(110,'Marshall Islands','Majuro'),(111,'Mauritania','Nouakchott'),(112,'Mauritius','Port Louis'),(113,'Mexico','Mexico City'),(114,'Micronesia','Palikir'),(115,'Moldova','Chisinau'),(116,'Monaco','Monaco'),(117,'Mongolia','Ulaanbaatar'),(118,'Montenegro','Podgorica'),(119,'Morocco','Rabat'),(120,'Mozambique','Maputo'),(121,'Myanmar','Naypyidaw'),(122,'Namibia','Windhoek'),(123,'Nauru','Yaren'),(124,'Nepal','Kathmandu'),(125,'Netherlands','Amsterdam / The Hague'),(126,'New Zealand','Wellington'),(127,'Nicaragua','Managua'),(128,'Niger','Niamey'),(129,'Nigeria','Abuja'),(130,'North Macedonia','Skopje'),(131,'Norway','Oslo'),(132,'Oman','Muscat'),(133,'Pakistan','Islamabad'),(134,'Palau','Ngerulmud'),(135,'Panama','Panama City'),(136,'Papua New Guinea','Port Moresby'),(137,'Paraguay','Asunción'),(138,'Peru','Lima'),(139,'Philippines','Manila'),(140,'Poland','Warsaw'),(141,'Portugal','Lisbon'),(142,'Qatar','Doha'),(143,'Romania','Bucharest'),(144,'Russia','Moscow'),(145,'Rwanda','Kigali'),(146,'Saint Kitts and Nevis','Basseterre'),(147,'Saint Lucia','Castries'),(148,'Saint Vincent and the Grenadines','Kingstown'),(149,'Samoa','Apia'),(150,'San Marino','San Marino'),(151,'Sao Tome and Principe','São Tomé'),(152,'Saudi Arabia','Riyadh'),(153,'Senegal','Dakar'),(154,'Serbia','Belgrade'),(155,'Seychelles','Victoria'),(156,'Sierra Leone','Freetown'),(157,'Singapore','Singapore'),(158,'Slovakia','Bratislava'),(159,'Slovenia','Ljubljana'),(160,'Solomon Islands','Honiara'),(161,'Somalia','Mogadishu'),(162,'South Africa','Pretoria / Cape Town / Bloemfontein'),(163,'South Sudan','Juba'),(164,'Spain','Madrid'),(165,'Sri Lanka','Sri Jayawardenepura Kotte / Colombo'),(166,'Sudan','Khartoum'),(167,'Suriname','Paramaribo'),(168,'Sweden','Stockholm'),(169,'Switzerland','Bern'),(170,'Syria','Damascus'),(171,'Taiwan','Taipei'),(172,'Tajikistan','Dushanbe'),(173,'Tanzania','Dodoma'),(174,'Thailand','Bangkok'),(175,'Togo','Lomé'),(176,'Tonga','Nukuʻalofa'),(177,'Trinidad and Tobago','Port of Spain'),(178,'Tunisia','Tunis'),(179,'Turkey','Ankara'),(180,'Turkmenistan','Ashgabat'),(181,'Tuvalu','Funafuti'),(182,'Uganda','Kampala'),(183,'Ukraine','Kyiv'),(184,'United Arab Emirates','Abu Dhabi'),(185,'United Kingdom','London'),(186,'United States','Washington, D.C'),(187,'Uruguay','Montevideo'),(188,'Uzbekistan','Tashkent'),(189,'Vanuatu','Port Vila'),(190,'Vatican City','Vatican City'),(191,'Venezuela','Caracas'),(192,'Vietnam','Hanoi'),(193,'Yemen','Sana\'a'),(194,'Zambia','Lusaka'),(195,'Zimbabwe','Harare'),(196,'Côte d\'Ivoire','Yamoussoukro / Abidjan'),(197,'Palestine','Jerusalem / Ramallah'),(198,'England','London'),(199,'Scotland','Edinburgh'),(200,'Northern Ireland','Belfast'),(201,'Wales','Cardiff');
/*!40000 ALTER TABLE `countries` ENABLE KEYS */;
UNLOCK TABLES;

--
-- Table structure for table `recent_searches`
--

DROP TABLE IF EXISTS `recent_searches`;
/*!40101 SET @saved_cs_client     = @@character_set_client */;
/*!50503 SET character_set_client = utf8mb4 */;
CREATE TABLE `recent_searches` (
  `id` int NOT NULL AUTO_INCREMENT,
  `country_id` int NOT NULL,
  `search_time` timestamp NOT NULL DEFAULT CURRENT_TIMESTAMP,
  PRIMARY KEY (`id`),
  KEY `idx_country_id_recent` (`country_id`),
  CONSTRAINT `recent_searches_ibfk_1` FOREIGN KEY (`country_id`) REFERENCES `countries` (`id`)
) ENGINE=InnoDB AUTO_INCREMENT=1283 DEFAULT CHARSET=utf8mb4 COLLATE=utf8mb4_general_ci;
/*!40101 SET character_set_client = @saved_cs_client */;

--
-- Dumping data for table `recent_searches`
--

LOCK TABLES `recent_searches` WRITE;
/*!40000 ALTER TABLE `recent_searches` DISABLE KEYS */;
INSERT INTO `recent_searches` VALUES (1,186,'2024-09-28 04:18:41'),(2,186,'2024-09-28 04:28:18'),(3,138,'2024-09-28 04:35:46'),(4,186,'2024-09-28 04:35:55'),(5,186,'2024-09-28 04:37:56'),(6,186,'2024-09-28 04:41:50'),(7,186,'2024-09-28 04:44:00'),(8,186,'2024-09-28 04:44:44'),(9,186,'2024-09-28 05:06:32'),(10,186,'2024-09-28 05:07:43'),(11,138,'2024-09-28 05:07:53'),(12,36,'2024-09-28 05:14:01'),(13,141,'2024-09-28 05:14:12'),(14,113,'2024-09-28 05:14:16'),(15,86,'2024-09-28 05:14:31'),(16,32,'2024-09-28 05:14:39'),(17,138,'2024-09-28 20:33:39'),(18,138,'2024-09-28 20:33:49'),(19,186,'2024-09-28 20:34:04'),(20,186,'2024-09-28 20:36:32'),(21,186,'2024-09-28 20:39:55'),(22,186,'2024-09-28 20:41:32'),(23,186,'2024-09-28 20:46:17'),(24,186,'2024-09-28 20:48:01'),(25,186,'2024-09-28 20:56:08'),(26,186,'2024-09-28 20:56:23'),(27,186,'2024-09-28 20:59:40'),(28,186,'2024-09-28 21:00:36'),(29,186,'2024-09-28 21:04:03'),(30,186,'2024-09-28 21:05:41'),(31,186,'2024-09-28 21:06:58'),(32,186,'2024-09-28 21:08:35'),(33,186,'2024-09-28 21:10:21'),(34,186,'2024-09-28 21:12:06'),(35,186,'2024-09-28 21:12:20'),(36,186,'2024-09-28 23:56:29'),(37,186,'2024-09-29 00:03:04'),(38,183,'2024-09-29 00:03:14'),(39,91,'2024-09-29 00:03:25'),(40,90,'2024-09-29 00:06:52'),(41,88,'2024-09-29 00:08:15'),(42,186,'2024-09-29 00:08:43'),(43,104,'2024-09-29 00:08:49'),(44,64,'2024-09-29 00:09:20'),(45,180,'2024-09-29 00:10:02'),(46,180,'2024-09-29 00:12:05'),(47,180,'2024-09-29 00:12:07'),(48,119,'2024-09-29 00:26:10'),(49,74,'2024-09-29 00:49:51'),(50,186,'2024-09-30 01:57:02'),(51,164,'2024-09-30 01:57:12'),(52,83,'2024-09-30 01:57:17'),(53,61,'2024-09-30 01:57:20'),(54,185,'2024-09-30 01:57:27'),(55,186,'2024-10-01 20:53:46'),(56,127,'2024-10-01 20:53:56'),(57,56,'2024-10-01 20:54:02'),(58,96,'2024-10-01 20:54:05'),(59,116,'2024-10-01 20:54:10'),(60,103,'2024-10-01 20:54:15'),(61,143,'2024-10-01 20:54:18'),(62,140,'2024-10-01 20:54:20'),(63,65,'2024-10-01 20:54:23'),(64,65,'2024-10-01 20:54:25'),(65,65,'2024-10-01 20:55:51'),(66,65,'2024-10-01 21:15:52'),(67,65,'2024-10-01 21:17:20'),(68,65,'2024-10-01 21:51:42'),(69,65,'2024-10-01 21:51:51'),(70,65,'2024-10-01 22:07:03'),(71,65,'2024-10-01 22:07:11'),(72,65,'2024-10-01 22:13:09'),(73,65,'2024-10-01 22:15:09'),(74,86,'2024-10-01 22:15:36'),(75,82,'2024-10-01 22:15:42'),(76,67,'2024-10-01 22:15:44'),(77,128,'2024-10-01 22:15:48'),(78,162,'2024-10-01 22:15:51'),(79,91,'2024-10-01 22:15:55'),(80,125,'2024-10-01 22:16:01'),(81,102,'2024-10-01 22:16:13'),(82,131,'2024-10-01 22:16:17'),(83,96,'2024-10-01 22:16:20'),(84,61,'2024-10-01 22:16:23'),(85,164,'2024-10-01 22:16:25'),(86,141,'2024-10-01 22:16:28'),(87,4,'2024-10-01 22:16:33'),(88,144,'2024-10-01 22:16:40'),(89,60,'2024-10-01 22:16:44'),(90,87,'2024-10-01 22:17:45'),(91,117,'2024-10-01 22:18:00'),(92,36,'2024-10-01 22:18:03'),(93,85,'2024-10-01 22:18:06'),(94,90,'2024-10-01 22:18:11'),(95,91,'2024-10-01 22:18:13'),(96,66,'2024-10-01 22:18:18'),(97,65,'2024-10-01 22:34:40'),(98,65,'2024-10-02 01:56:10'),(99,104,'2024-10-02 01:56:41'),(100,104,'2024-10-02 02:00:15'),(101,88,'2024-10-02 02:01:29'),(102,161,'2024-10-02 02:01:32'),(103,49,'2024-10-02 02:01:46'),(104,73,'2024-10-02 02:01:50'),(105,43,'2024-10-02 02:01:53'),(106,52,'2024-10-02 02:10:38'),(107,130,'2024-10-02 02:11:47'),(108,2,'2024-10-02 02:11:52'),(109,32,'2024-10-02 02:25:30'),(110,113,'2024-10-02 02:25:33'),(111,135,'2024-10-02 02:25:36'),(112,24,'2024-10-02 02:25:39'),(113,138,'2024-10-02 02:25:41'),(114,187,'2024-10-02 02:25:45'),(115,137,'2024-10-02 02:25:58'),(116,18,'2024-10-02 02:26:01'),(117,155,'2024-10-02 02:26:08'),(118,126,'2024-10-02 02:26:16'),(119,192,'2024-10-02 02:26:25'),(120,174,'2024-10-02 02:26:28'),(121,165,'2024-10-02 02:26:32'),(122,77,'2024-10-02 02:26:37'),(123,14,'2024-10-02 02:26:41'),(124,133,'2024-10-02 02:26:45'),(125,64,'2024-10-02 02:26:58'),(126,168,'2024-10-02 02:27:04'),(127,16,'2024-10-02 02:27:10'),(128,16,'2024-10-02 02:27:15'),(129,179,'2024-10-02 02:27:20'),(130,178,'2024-10-02 02:27:31'),(131,100,'2024-10-02 02:27:34'),(132,120,'2024-10-02 02:27:51'),(133,119,'2024-10-02 02:27:55'),(134,47,'2024-10-02 02:28:03'),(135,5,'2024-10-02 02:28:18'),(136,3,'2024-10-02 02:28:30'),(137,153,'2024-10-02 02:28:37'),(138,35,'2024-10-02 02:28:44'),(139,7,'2024-10-02 02:28:47'),(140,21,'2024-10-02 02:28:51'),(141,21,'2024-10-02 15:34:07'),(142,186,'2024-10-02 15:34:27'),(143,186,'2024-10-02 15:50:18'),(144,141,'2024-10-02 15:50:29'),(145,141,'2024-10-02 15:57:40'),(146,39,'2024-10-02 16:04:16'),(147,39,'2024-10-02 16:13:27'),(148,92,'2024-10-02 16:13:38'),(149,2,'2024-10-02 16:13:44'),(150,141,'2024-10-02 16:14:07'),(151,2,'2024-10-02 16:14:10'),(152,86,'2024-10-02 16:14:18'),(153,126,'2024-10-02 16:14:30'),(154,106,'2024-10-02 16:14:32'),(155,78,'2024-10-02 16:14:37'),(156,25,'2024-10-02 16:15:07'),(157,11,'2024-10-02 16:15:16'),(158,79,'2024-10-02 16:15:22'),(159,80,'2024-10-02 16:15:25'),(160,167,'2024-10-02 16:15:42'),(161,70,'2024-10-02 16:15:46'),(162,58,'2024-10-02 16:15:55'),(163,161,'2024-10-02 16:15:58'),(164,145,'2024-10-02 16:16:09'),(165,99,'2024-10-02 16:16:13'),(166,187,'2024-10-02 16:16:20'),(167,159,'2024-10-02 16:16:26'),(168,158,'2024-10-02 16:16:31'),(169,75,'2024-10-02 16:16:35'),(170,75,'2024-10-02 16:16:38'),(171,60,'2024-10-02 16:16:42'),(172,9,'2024-10-02 16:16:50'),(173,61,'2024-10-02 16:17:00'),(174,190,'2024-10-02 16:19:19'),(175,45,'2024-10-02 16:19:29'),(176,76,'2024-10-02 16:21:38'),(177,45,'2024-10-02 16:24:13'),(178,186,'2024-10-02 16:24:18'),(179,185,'2024-10-02 16:24:25'),(180,185,'2024-10-02 16:28:43'),(181,185,'2024-10-02 16:28:48'),(182,2,'2024-10-02 16:28:54'),(183,2,'2024-10-02 16:38:00'),(184,2,'2024-10-02 16:38:03'),(185,2,'2024-10-02 16:38:07'),(186,2,'2024-10-02 16:39:41'),(187,2,'2024-10-02 16:39:45'),(188,185,'2024-10-02 16:39:48'),(189,185,'2024-10-02 16:41:05'),(190,39,'2024-10-02 16:41:15'),(191,39,'2024-10-02 16:41:24'),(192,185,'2024-10-02 16:41:34'),(193,185,'2024-10-02 16:41:36'),(194,82,'2024-10-02 16:41:39'),(195,152,'2024-10-02 16:41:43'),(196,184,'2024-10-02 16:41:49'),(197,184,'2024-10-02 16:41:51'),(198,125,'2024-10-02 16:41:54'),(199,21,'2024-10-02 16:42:03'),(200,108,'2024-10-02 16:45:01'),(201,34,'2024-10-02 16:45:03'),(202,27,'2024-10-02 16:45:18'),(203,166,'2024-10-02 16:45:23'),(204,163,'2024-10-02 16:45:27'),(205,97,'2024-10-02 16:45:31'),(206,44,'2024-10-02 16:45:39'),(207,191,'2024-10-02 16:45:47'),(208,46,'2024-10-02 16:45:57'),(209,10,'2024-10-02 16:46:14'),(210,22,'2024-10-02 16:53:52'),(211,60,'2024-10-02 16:57:14'),(212,28,'2024-10-02 16:57:33'),(213,84,'2024-10-02 16:57:40'),(214,92,'2024-10-02 16:58:02'),(215,171,'2024-10-02 16:58:36'),(216,36,'2024-10-02 17:01:35'),(217,114,'2024-10-02 17:11:44'),(218,114,'2024-10-02 17:15:17'),(219,186,'2024-10-02 17:24:27'),(220,40,'2024-10-02 17:25:09'),(221,40,'2024-10-02 17:31:51'),(222,15,'2024-10-02 17:32:01'),(223,40,'2024-10-02 17:32:04'),(224,2,'2024-10-02 18:29:14'),(225,186,'2024-10-02 18:29:18'),(226,128,'2024-10-02 18:29:25'),(227,40,'2024-10-02 18:29:35'),(228,60,'2024-10-02 18:29:45'),(229,144,'2024-10-02 18:29:47'),(230,22,'2024-10-02 18:30:30'),(231,61,'2024-10-02 18:30:54'),(232,169,'2024-10-02 18:31:02'),(233,131,'2024-10-02 18:31:07'),(234,168,'2024-10-02 18:31:10'),(235,95,'2024-10-02 18:31:28'),(236,85,'2024-10-02 18:31:43'),(237,65,'2024-10-02 18:31:52'),(238,188,'2024-10-02 18:32:38'),(239,8,'2024-10-02 18:35:57'),(240,89,'2024-10-02 18:36:16'),(241,133,'2024-10-02 18:38:41'),(242,77,'2024-10-02 18:38:44'),(243,37,'2024-10-02 18:38:55'),(244,16,'2024-10-02 18:39:48'),(245,76,'2024-10-02 18:39:56'),(246,185,'2024-10-02 18:40:01'),(247,194,'2024-10-02 18:40:10'),(248,195,'2024-10-02 18:40:14'),(249,130,'2024-10-02 18:40:28'),(250,154,'2024-10-02 18:40:32'),(251,42,'2024-10-02 18:40:52'),(252,143,'2024-10-02 18:41:15'),(253,196,'2024-10-02 19:44:08'),(254,197,'2024-10-02 19:44:14'),(255,196,'2024-10-02 19:44:20'),(256,40,'2024-10-02 19:45:23'),(257,39,'2024-10-02 19:45:28'),(258,197,'2024-10-02 19:49:58'),(259,114,'2024-10-02 19:51:46'),(260,114,'2024-10-02 19:51:48'),(261,114,'2024-10-02 19:51:59'),(262,197,'2024-10-02 19:52:01'),(263,197,'2024-10-02 19:54:29'),(264,82,'2024-10-02 19:54:33'),(265,141,'2024-10-02 19:54:39'),(266,114,'2024-10-02 19:54:43'),(267,196,'2024-10-02 19:54:47'),(268,196,'2024-10-02 19:57:37'),(269,130,'2024-10-02 19:57:39'),(270,50,'2024-10-02 20:00:12'),(271,50,'2024-10-02 20:00:21'),(272,50,'2024-10-02 20:00:25'),(273,50,'2024-10-02 20:04:11'),(274,50,'2024-10-02 20:08:44'),(275,50,'2024-10-02 20:08:48'),(276,50,'2024-10-02 20:08:57'),(277,50,'2024-10-02 20:09:55'),(278,50,'2024-10-02 20:10:00'),(279,182,'2024-10-02 20:10:11'),(280,15,'2024-10-02 20:10:20'),(281,50,'2024-10-02 20:10:45'),(282,91,'2024-10-02 20:11:06'),(283,15,'2024-10-02 20:14:07'),(284,186,'2024-10-02 20:14:38'),(285,62,'2024-10-02 20:14:53'),(286,193,'2024-10-02 20:15:03'),(287,193,'2024-10-02 20:16:33'),(288,32,'2024-10-02 20:16:54'),(289,128,'2024-10-02 20:17:00'),(290,83,'2024-10-02 20:17:06'),(291,144,'2024-10-02 20:17:08'),(292,56,'2024-10-02 20:17:10'),(293,117,'2024-10-02 20:17:14'),(294,85,'2024-10-02 20:17:17'),(295,39,'2024-10-02 20:17:22'),(296,90,'2024-10-02 20:17:34'),(297,173,'2024-10-02 20:21:30'),(298,35,'2024-10-02 20:21:55'),(299,121,'2024-10-02 20:25:34'),(300,121,'2024-10-02 20:25:38'),(301,162,'2024-10-02 20:26:16'),(302,162,'2024-10-02 20:34:01'),(303,125,'2024-10-02 20:34:32'),(304,125,'2024-10-02 20:37:05'),(305,32,'2024-10-02 20:37:20'),(306,162,'2024-10-02 20:38:48'),(307,21,'2024-10-02 20:39:34'),(308,60,'2024-10-02 20:39:41'),(309,140,'2024-10-02 20:39:45'),(310,139,'2024-10-02 20:39:49'),(311,143,'2024-10-02 20:40:40'),(312,162,'2024-10-02 20:40:48'),(313,162,'2024-10-02 20:42:09'),(314,139,'2024-10-02 20:44:12'),(315,186,'2024-10-02 21:00:04'),(316,162,'2024-10-02 21:07:53'),(317,186,'2024-10-02 21:07:59'),(318,185,'2024-10-02 21:08:11'),(319,185,'2024-10-02 21:10:16'),(320,185,'2024-10-02 21:10:30'),(321,36,'2024-10-02 21:10:35'),(322,113,'2024-10-02 21:10:48'),(323,74,'2024-10-02 21:10:53'),(324,132,'2024-10-02 21:11:41'),(325,122,'2024-10-02 21:11:45'),(326,98,'2024-10-02 21:11:51'),(327,197,'2024-10-02 21:11:55'),(328,186,'2024-10-02 21:13:20'),(329,139,'2024-10-02 21:13:28'),(330,74,'2024-10-02 21:13:33'),(331,53,'2024-10-02 21:13:46'),(332,51,'2024-10-02 21:13:58'),(333,69,'2024-10-02 21:14:04'),(334,33,'2024-10-02 21:14:21'),(335,31,'2024-10-02 21:14:51'),(336,31,'2024-10-02 21:16:59'),(337,33,'2024-10-02 21:17:01'),(338,140,'2024-10-02 21:17:11'),(339,183,'2024-10-02 21:17:15'),(340,183,'2024-10-02 21:20:15'),(341,162,'2024-10-02 21:20:18'),(342,141,'2024-10-02 21:20:32'),(343,164,'2024-10-02 21:20:36'),(344,197,'2024-10-02 21:21:20'),(345,60,'2024-10-02 21:21:25'),(346,144,'2024-10-02 21:21:29'),(347,162,'2024-10-02 21:21:35'),(348,18,'2024-10-02 21:21:43'),(349,18,'2024-10-02 21:21:49'),(350,34,'2024-10-02 21:21:58'),(351,186,'2024-10-02 21:22:10'),(352,85,'2024-10-02 21:22:16'),(353,5,'2024-10-02 21:22:25'),(354,5,'2024-10-02 21:23:22'),(355,5,'2024-10-02 21:23:25'),(356,5,'2024-10-02 21:23:30'),(357,5,'2024-10-02 21:25:34'),(358,61,'2024-10-02 21:27:02'),(359,86,'2024-10-02 21:28:02'),(360,98,'2024-10-02 21:28:07'),(361,58,'2024-10-02 21:28:13'),(362,40,'2024-10-02 21:28:19'),(363,41,'2024-10-02 21:28:26'),(364,68,'2024-10-02 21:28:34'),(365,72,'2024-10-02 21:28:50'),(366,93,'2024-10-02 21:28:53'),(367,93,'2024-10-02 21:29:45'),(368,184,'2024-10-02 21:29:54'),(369,23,'2024-10-02 21:30:05'),(370,55,'2024-10-02 21:30:12'),(371,115,'2024-10-02 21:30:28'),(372,115,'2024-10-02 21:30:37'),(373,77,'2024-10-02 21:32:29'),(374,141,'2024-10-02 21:32:36'),(375,161,'2024-10-02 21:32:43'),(376,17,'2024-10-02 21:32:49'),(377,125,'2024-10-02 21:32:54'),(378,125,'2024-10-02 21:33:04'),(379,65,'2024-10-02 21:33:09'),(380,94,'2024-10-02 21:33:25'),(381,20,'2024-10-02 21:33:42'),(382,6,'2024-10-02 21:33:58'),(383,12,'2024-10-02 21:34:14'),(384,45,'2024-10-02 21:34:27'),(385,93,'2024-10-02 21:34:38'),(386,118,'2024-10-02 21:34:42'),(387,134,'2024-10-02 21:34:51'),(388,149,'2024-10-02 21:35:31'),(389,59,'2024-10-02 21:35:39'),(390,118,'2024-10-02 21:35:52'),(391,5,'2024-10-02 21:43:28'),(392,6,'2024-10-02 21:43:32'),(393,6,'2024-10-02 21:43:52'),(394,6,'2024-10-02 21:44:01'),(395,6,'2024-10-02 21:44:05'),(396,6,'2024-10-02 21:44:08'),(397,6,'2024-10-02 21:44:12'),(398,6,'2024-10-02 21:44:16'),(399,6,'2024-10-02 21:44:20'),(400,6,'2024-10-02 21:44:24'),(401,122,'2024-10-02 21:46:06'),(402,122,'2024-10-02 21:46:07'),(403,29,'2024-10-02 21:46:13'),(404,21,'2024-10-02 21:46:29'),(405,185,'2024-10-02 21:47:31'),(406,199,'2024-10-02 21:54:26'),(407,185,'2024-10-02 21:54:30'),(408,199,'2024-10-02 21:54:32'),(409,185,'2024-10-02 21:54:41'),(410,201,'2024-10-02 21:54:43'),(411,200,'2024-10-02 21:54:49'),(412,4,'2024-10-02 21:55:17'),(413,107,'2024-10-02 21:55:26'),(414,111,'2024-10-02 21:55:32'),(415,124,'2024-10-02 21:55:44'),(416,190,'2024-10-02 21:56:28'),(417,190,'2024-10-02 21:58:37'),(418,142,'2024-10-02 21:58:56'),(419,144,'2024-10-02 21:59:08'),(420,75,'2024-10-02 21:59:13'),(421,187,'2024-10-02 21:59:18'),(422,147,'2024-10-02 21:59:24'),(423,175,'2024-10-02 21:59:32'),(424,174,'2024-10-02 21:59:35'),(425,192,'2024-10-02 21:59:38'),(426,156,'2024-10-02 21:59:48'),(427,149,'2024-10-02 21:59:56'),(428,176,'2024-10-02 22:00:00'),(429,68,'2024-10-02 22:00:23'),(430,185,'2024-10-02 22:00:42'),(431,185,'2024-10-02 22:02:39'),(433,186,'2024-10-05 00:56:41'),(436,139,'2024-10-05 00:56:56'),(439,182,'2024-10-05 00:57:01'),(442,61,'2024-10-05 04:41:22'),(445,61,'2024-10-05 05:04:02'),(448,26,'2024-10-07 03:07:07'),(451,52,'2024-10-07 03:07:41'),(454,76,'2024-10-07 03:07:49'),(457,108,'2024-10-07 03:07:55'),(460,137,'2024-10-07 03:08:04'),(463,97,'2024-10-07 03:08:14'),(466,110,'2024-10-07 03:08:24'),(469,147,'2024-10-07 03:08:30'),(472,157,'2024-10-07 03:08:39'),(475,201,'2024-10-07 03:08:58'),(478,64,'2024-10-07 03:09:05'),(481,10,'2024-10-07 03:09:11'),(484,43,'2024-10-07 03:09:18'),(487,59,'2024-10-07 03:09:22'),(490,55,'2024-10-07 03:09:32'),(493,51,'2024-10-07 03:09:43'),(496,19,'2024-10-07 03:09:47'),(499,7,'2024-10-07 03:09:53'),(502,1,'2024-10-07 03:10:02'),(505,2,'2024-10-07 03:10:07'),(508,17,'2024-10-07 03:10:14'),(511,46,'2024-10-07 03:10:18'),(514,30,'2024-10-07 03:10:22'),(517,31,'2024-10-07 03:10:25'),(520,32,'2024-10-07 03:10:27'),(523,73,'2024-10-07 03:10:31'),(526,69,'2024-10-07 03:10:37'),(529,88,'2024-10-07 03:10:43'),(532,123,'2024-10-07 03:10:59'),(535,53,'2024-10-07 03:11:04'),(538,198,'2024-10-07 03:11:07'),(541,127,'2024-10-07 03:11:16'),(544,128,'2024-10-07 03:11:18'),(547,129,'2024-10-07 03:11:20'),(550,115,'2024-10-07 03:11:25'),(553,101,'2024-10-07 03:11:53'),(556,112,'2024-10-07 03:12:03'),(559,136,'2024-10-07 03:12:17'),(562,142,'2024-10-07 03:12:24'),(565,143,'2024-10-07 03:12:26'),(568,156,'2024-10-07 03:12:32'),(571,176,'2024-10-07 03:12:37'),(574,177,'2024-10-07 03:12:45'),(577,177,'2024-10-07 03:12:59'),(580,175,'2024-10-07 03:13:13'),(583,3,'2024-10-07 03:15:06'),(586,79,'2024-10-07 03:15:11'),(589,80,'2024-10-07 03:15:14'),(592,177,'2024-10-07 03:18:12'),(595,177,'2024-10-07 03:18:18'),(598,177,'2024-10-07 03:18:30'),(601,177,'2024-10-07 03:20:43'),(604,177,'2024-10-07 03:20:49'),(607,40,'2024-10-07 03:20:55'),(610,177,'2024-10-07 03:20:59'),(613,21,'2024-10-07 03:21:11'),(616,60,'2024-10-07 03:21:40'),(619,42,'2024-10-07 03:21:50'),(622,94,'2024-10-07 03:22:20'),(625,12,'2024-10-07 03:22:28'),(628,171,'2024-10-07 03:22:38'),(631,45,'2024-10-07 03:22:42'),(634,172,'2024-10-07 03:23:14'),(637,170,'2024-10-07 03:23:22'),(640,40,'2024-10-07 03:23:34'),(643,80,'2024-10-07 03:23:43'),(646,93,'2024-10-07 03:23:46'),(649,114,'2024-10-07 03:23:55'),(652,117,'2024-10-07 03:23:58'),(655,120,'2024-10-07 03:24:07'),(658,124,'2024-10-07 03:24:13'),(661,145,'2024-10-07 03:24:29'),(664,155,'2024-10-07 03:24:36'),(667,109,'2024-10-07 03:24:47'),(670,102,'2024-10-07 03:24:55'),(673,105,'2024-10-07 03:25:01'),(676,95,'2024-10-07 03:25:08'),(679,75,'2024-10-07 03:25:28'),(682,57,'2024-10-07 03:29:51'),(685,56,'2024-10-07 03:30:02'),(688,23,'2024-10-07 03:30:07'),(691,48,'2024-10-07 03:30:19'),(694,44,'2024-10-07 03:30:27'),(697,33,'2024-10-07 03:30:47'),(700,13,'2024-10-07 03:31:08'),(703,74,'2024-10-07 03:31:17'),(706,146,'2024-10-07 03:31:31'),(709,148,'2024-10-07 03:32:43'),(712,148,'2024-10-07 03:33:22'),(715,148,'2024-10-07 03:33:29'),(718,148,'2024-10-07 03:33:34'),(721,148,'2024-10-07 03:37:36'),(724,148,'2024-10-07 03:37:40'),(727,147,'2024-10-07 03:37:43'),(730,71,'2024-10-07 03:37:58'),(733,71,'2024-10-07 03:40:47'),(736,189,'2024-10-07 03:41:15'),(739,193,'2024-10-07 03:41:18'),(742,14,'2024-10-07 03:41:24'),(745,18,'2024-10-07 03:41:31'),(748,20,'2024-10-07 03:41:34'),(751,20,'2024-10-07 03:43:11'),(754,37,'2024-10-07 03:43:37'),(757,118,'2024-10-07 03:43:50'),(760,103,'2024-10-07 03:44:04'),(763,135,'2024-10-07 03:44:14'),(766,180,'2024-10-07 03:44:20'),(769,188,'2024-10-07 03:44:29'),(772,181,'2024-10-07 03:44:51'),(775,84,'2024-10-07 03:45:02'),(778,85,'2024-10-07 03:45:05'),(781,91,'2024-10-07 03:45:08'),(784,90,'2024-10-07 03:45:10'),(787,154,'2024-10-07 03:45:16'),(790,153,'2024-10-07 03:45:19'),(793,165,'2024-10-07 03:45:23'),(796,77,'2024-10-07 03:45:25'),(799,184,'2024-10-07 03:45:33'),(802,105,'2024-10-07 04:08:40'),(805,92,'2024-10-07 04:08:46'),(808,11,'2024-10-07 04:09:11'),(811,81,'2024-10-07 04:09:13'),(814,80,'2024-10-07 04:10:23'),(817,63,'2024-10-07 04:10:33'),(820,82,'2024-10-07 04:10:54'),(823,197,'2024-10-07 04:10:57'),(826,97,'2024-10-07 04:11:02'),(829,141,'2024-10-07 04:11:04'),(832,83,'2024-10-07 04:11:08'),(835,200,'2024-10-07 04:11:13'),(838,199,'2024-10-07 04:11:19'),(841,65,'2024-10-07 04:11:30'),(844,169,'2024-10-07 04:11:36'),(847,36,'2024-10-07 04:11:43'),(850,149,'2024-10-07 17:28:33'),(853,5,'2024-10-07 17:30:37'),(856,4,'2024-10-07 17:30:40'),(859,149,'2024-10-07 17:30:43'),(862,57,'2024-10-08 16:17:00'),(865,121,'2024-10-08 16:17:19'),(867,36,'2024-10-10 01:27:36'),(869,23,'2024-10-11 02:30:53'),(871,36,'2024-10-11 22:15:01'),(873,36,'2024-10-11 22:16:38'),(875,36,'2024-10-11 22:17:54'),(877,36,'2024-10-11 22:19:02'),(879,188,'2024-10-11 22:41:02'),(881,140,'2024-10-11 22:41:07'),(883,199,'2024-10-11 23:06:53'),(885,199,'2024-10-11 23:07:57'),(887,199,'2024-10-11 23:08:01'),(889,199,'2024-10-11 23:08:05'),(891,199,'2024-10-11 23:10:01'),(893,199,'2024-10-11 23:10:10'),(895,199,'2024-10-11 23:12:15'),(897,199,'2024-10-11 23:13:24'),(899,199,'2024-10-11 23:13:26'),(901,199,'2024-10-11 23:14:26'),(903,199,'2024-10-11 23:16:04'),(905,199,'2024-10-11 23:17:42'),(907,199,'2024-10-11 23:20:14'),(909,199,'2024-10-11 23:21:23'),(911,199,'2024-10-11 23:22:04'),(913,199,'2024-10-11 23:23:21'),(915,199,'2024-10-11 23:24:29'),(917,199,'2024-10-11 23:25:28'),(919,199,'2024-10-11 23:26:17'),(921,199,'2024-10-11 23:27:18'),(923,199,'2024-10-11 23:30:29'),(925,199,'2024-10-11 23:32:31'),(927,36,'2024-10-11 23:32:46'),(929,91,'2024-10-11 23:32:48'),(931,144,'2024-10-11 23:33:23'),(933,56,'2024-10-11 23:33:25'),(935,23,'2024-10-12 00:25:36'),(937,121,'2024-10-12 00:25:57'),(939,106,'2024-10-12 00:26:10'),(941,93,'2024-10-12 00:35:16'),(943,101,'2024-10-12 00:35:28'),(945,152,'2024-10-12 01:26:52'),(947,141,'2024-10-12 01:32:36'),(949,57,'2024-10-12 01:53:16'),(951,57,'2024-10-12 01:54:33'),(953,57,'2024-10-12 01:54:39'),(955,141,'2024-10-12 02:27:12'),(957,141,'2024-10-12 02:32:24'),(959,65,'2024-10-12 02:32:34'),(961,65,'2024-10-12 02:37:09'),(963,65,'2024-10-12 02:39:50'),(965,65,'2024-10-12 02:41:32'),(967,65,'2024-10-12 02:41:53'),(969,65,'2024-10-12 02:53:48'),(971,65,'2024-10-12 02:55:30'),(973,65,'2024-10-12 02:57:42'),(975,65,'2024-10-12 03:04:50'),(977,164,'2024-10-12 03:04:58'),(979,164,'2024-10-12 03:33:34'),(981,164,'2024-10-12 03:39:17'),(983,164,'2024-10-12 03:45:03'),(985,164,'2024-10-12 03:45:14'),(987,164,'2024-10-12 03:45:17'),(989,164,'2024-10-12 04:02:17'),(991,164,'2024-10-12 13:46:06'),(993,186,'2024-10-12 13:46:21'),(995,91,'2024-10-12 14:36:34'),(997,85,'2024-10-12 14:36:37'),(999,158,'2024-10-12 14:56:24'),(1001,164,'2024-10-12 15:02:31'),(1003,174,'2024-10-12 15:03:44'),(1005,55,'2024-10-12 15:03:49'),(1007,180,'2024-10-12 15:03:59'),(1009,39,'2024-10-12 15:56:16'),(1011,164,'2024-10-12 16:01:48'),(1013,144,'2024-10-12 17:11:30'),(1015,129,'2024-10-12 17:11:39'),(1017,66,'2024-10-12 17:11:47'),(1019,193,'2024-10-12 17:11:52'),(1021,132,'2024-10-12 17:11:55'),(1023,141,'2024-10-12 17:12:01'),(1025,153,'2024-10-12 17:12:06'),(1027,14,'2024-10-12 17:12:10'),(1029,95,'2024-10-12 17:24:21'),(1031,91,'2024-10-12 17:28:30'),(1033,90,'2024-10-12 17:28:34'),(1035,164,'2024-10-12 18:38:38'),(1037,122,'2024-10-12 18:38:43'),(1039,194,'2024-10-12 18:38:47'),(1041,195,'2024-10-12 18:38:53'),(1043,40,'2024-10-12 18:38:57'),(1045,39,'2024-10-12 18:39:03'),(1047,90,'2024-10-12 18:39:13'),(1049,180,'2024-10-12 18:39:23'),(1051,11,'2024-10-12 18:39:29'),(1053,8,'2024-10-12 18:39:33'),(1055,152,'2024-10-12 18:39:39'),(1057,72,'2024-10-12 18:39:51'),(1059,163,'2024-10-12 18:39:57'),(1061,86,'2024-10-12 18:40:09'),(1063,111,'2024-10-12 18:40:16'),(1065,110,'2024-10-12 18:40:33'),(1067,27,'2024-10-12 18:40:50'),(1069,194,'2024-10-12 18:40:58'),(1071,145,'2024-10-12 18:41:04'),(1073,62,'2024-10-12 18:41:28'),(1075,39,'2024-10-12 18:41:33'),(1077,115,'2024-10-12 18:41:44'),(1079,16,'2024-10-12 18:42:12'),(1081,143,'2024-10-12 18:42:21'),(1083,75,'2024-10-12 18:42:25'),(1085,83,'2024-10-12 18:42:30'),(1087,61,'2024-10-12 18:42:34'),(1089,80,'2024-10-12 18:43:15'),(1091,79,'2024-10-12 18:43:17'),(1093,86,'2024-10-12 18:43:21'),(1095,182,'2024-10-12 18:43:24'),(1097,129,'2024-10-12 18:43:30'),(1099,128,'2024-10-12 18:43:33'),(1101,119,'2024-10-12 18:43:37'),(1103,108,'2024-10-12 18:43:40'),(1105,70,'2024-10-12 18:50:30'),(1107,186,'2024-10-12 18:50:45'),(1109,164,'2024-10-12 19:16:12'),(1111,65,'2024-10-12 19:16:19'),(1113,102,'2024-10-12 19:16:23'),(1115,102,'2024-10-12 19:21:40'),(1117,137,'2024-10-12 19:26:01'),(1119,146,'2024-10-14 06:53:38'),(1121,151,'2024-10-14 06:55:15'),(1123,141,'2024-10-15 14:26:29'),(1125,58,'2024-10-15 14:28:32'),(1127,111,'2024-10-15 14:31:31'),(1129,167,'2024-10-15 14:31:53'),(1131,107,'2024-10-15 14:32:35'),(1133,156,'2024-10-15 14:35:46'),(1135,117,'2024-10-15 14:36:24'),(1137,34,'2024-10-15 14:37:20'),(1139,181,'2024-10-15 14:46:28'),(1141,105,'2024-10-15 14:50:38'),(1143,20,'2024-10-15 14:51:58'),(1145,119,'2024-10-15 14:52:11'),(1147,68,'2024-10-15 14:53:16'),(1149,123,'2024-10-15 14:54:12'),(1151,24,'2024-10-15 16:16:41'),(1153,24,'2024-10-15 16:44:47'),(1155,24,'2024-10-15 16:44:53'),(1157,18,'2024-10-15 16:48:59'),(1159,18,'2024-10-15 16:50:37'),(1161,164,'2024-10-15 18:33:18'),(1163,164,'2024-10-15 18:35:51'),(1165,164,'2024-10-15 20:28:09'),(1167,164,'2024-10-15 20:30:44'),(1169,164,'2024-10-15 20:32:25'),(1171,77,'2024-10-15 20:36:54'),(1173,186,'2024-10-15 20:37:37'),(1175,147,'2024-10-15 20:38:15'),(1177,110,'2024-10-16 02:56:10'),(1179,105,'2024-10-16 02:56:32'),(1181,123,'2024-10-16 02:57:29'),(1183,109,'2024-10-17 18:01:06'),(1185,172,'2024-10-17 18:02:14'),(1187,12,'2024-10-17 18:03:20'),(1189,134,'2024-10-17 18:03:44'),(1191,149,'2024-10-18 00:42:51'),(1193,6,'2024-10-18 00:43:45'),(1195,110,'2024-10-18 00:44:55'),(1197,123,'2024-10-18 00:44:57'),(1199,134,'2024-10-18 00:45:02'),(1201,147,'2024-10-18 00:46:08'),(1203,15,'2024-10-18 00:46:25'),(1205,181,'2024-10-18 00:47:28'),(1207,48,'2024-10-18 00:48:32'),(1209,145,'2024-10-18 00:52:04'),(1211,54,'2024-10-18 00:53:37'),(1213,105,'2024-10-18 00:55:53'),(1215,22,'2024-10-18 03:26:26'),(1217,154,'2024-10-18 03:30:53'),(1219,98,'2024-10-18 03:31:45'),(1221,185,'2024-10-18 03:31:48'),(1223,189,'2024-10-18 03:32:37'),(1225,186,'2024-10-18 03:37:56'),(1227,164,'2024-10-18 15:08:07'),(1229,136,'2024-10-19 00:04:16'),(1231,164,'2024-10-20 02:29:46'),(1233,59,'2024-10-20 02:29:59'),(1235,123,'2024-10-20 02:30:05'),(1237,193,'2024-10-20 02:30:08'),(1239,132,'2024-10-20 02:30:11'),(1241,32,'2024-10-20 02:30:16'),(1243,32,'2024-10-20 03:17:52'),(1245,164,'2024-10-21 04:00:37'),(1247,101,'2024-10-21 04:06:06'),(1249,109,'2024-10-21 04:06:37'),(1251,41,'2024-10-21 04:09:36'),(1253,48,'2024-10-21 04:09:55'),(1255,146,'2024-10-21 04:11:15'),(1257,13,'2024-10-21 04:12:15'),(1259,14,'2024-10-21 04:12:31'),(1261,25,'2024-10-21 04:12:57'),(1263,30,'2024-10-21 04:13:16'),(1265,94,'2024-10-21 04:15:05'),(1267,107,'2024-10-21 04:15:46'),(1269,121,'2024-10-21 04:16:13'),(1271,165,'2024-10-21 04:18:19'),(1273,172,'2024-10-21 04:18:43'),(1275,188,'2024-10-21 04:18:49'),(1277,169,'2024-10-21 04:19:29'),(1279,169,'2024-10-21 04:19:38'),(1281,164,'2024-10-21 05:57:37');
/*!40000 ALTER TABLE `recent_searches` ENABLE KEYS */;
UNLOCK TABLES;

--
-- Table structure for table `search_tracking`
--

DROP TABLE IF EXISTS `search_tracking`;
/*!40101 SET @saved_cs_client     = @@character_set_client */;
/*!50503 SET character_set_client = utf8mb4 */;
CREATE TABLE `search_tracking` (
  `country_id` int DEFAULT NULL,
  `search_count` int DEFAULT '1',
  KEY `idx_country_id` (`country_id`),
  CONSTRAINT `search_tracking_ibfk_1` FOREIGN KEY (`country_id`) REFERENCES `countries` (`id`) ON DELETE CASCADE
) ENGINE=InnoDB DEFAULT CHARSET=utf8mb4 COLLATE=utf8mb4_general_ci;
/*!40101 SET character_set_client = @saved_cs_client */;

--
-- Dumping data for table `search_tracking`
--

LOCK TABLES `search_tracking` WRITE;
/*!40000 ALTER TABLE `search_tracking` DISABLE KEYS */;
INSERT INTO `search_tracking` VALUES (186,60),(182,4),(91,9),(73,3),(174,8),(141,16),(83,5),(78,2),(170,2),(77,6),(184,5),(86,7),(32,8),(21,7),(125,11),(186,60),(182,4),(91,9),(73,3),(174,8),(141,16),(83,5),(78,2),(170,2),(77,6),(184,5),(86,7),(32,8),(21,7),(125,11),(138,5),(36,11),(113,3),(183,3),(90,6),(88,3),(104,3),(64,3),(180,6),(119,4),(74,4),(164,24),(61,8),(185,18),(127,2),(56,4),(96,2),(116,1),(103,2),(143,5),(140,4),(65,26),(82,4),(67,1),(128,5),(162,9),(102,4),(131,2),(4,3),(144,7),(60,7),(87,1),(117,4),(85,6),(66,2),(161,3),(49,1),(43,2),(52,2),(130,3),(2,11),(135,2),(24,4),(187,3),(137,3),(18,6),(155,2),(126,2),(192,2),(165,3),(14,4),(133,2),(168,2),(16,4),(179,1),(178,1),(100,1),(120,2),(47,1),(5,8),(3,2),(153,3),(35,2),(7,2),(39,9),(92,3),(106,2),(25,2),(11,3),(79,3),(80,5),(167,2),(70,2),(58,3),(145,4),(99,1),(159,1),(158,2),(75,5),(9,1),(190,3),(45,4),(76,3),(152,3),(108,3),(34,3),(27,2),(166,1),(163,2),(97,3),(44,2),(191,1),(46,2),(10,2),(22,3),(28,1),(84,2),(171,2),(114,7),(40,9),(15,4),(169,4),(95,3),(188,4),(8,2),(89,1),(37,2),(194,3),(195,2),(154,3),(42,2),(196,4),(197,7),(50,10),(62,2),(193,5),(173,1),(121,5),(139,4),(132,3),(122,4),(98,3),(53,2),(51,2),(69,2),(33,3),(31,3),(41,2),(68,3),(72,2),(93,5),(23,4),(55,3),(115,4),(17,2),(94,3),(20,4),(6,11),(12,3),(118,3),(134,3),(149,5),(59,3),(29,1),(199,25),(201,2),(200,2),(107,3),(111,3),(124,2),(142,2),(147,5),(175,2),(156,3),(176,2),(26,1),(110,4),(157,1),(19,1),(1,1),(30,2),(123,5),(198,1),(129,3),(101,3),(112,1),(136,2),(177,8),(172,3),(109,3),(105,5),(57,5),(48,3),(13,2),(146,3),(148,6),(71,2),(189,2),(181,3),(81,1),(63,1),(151,1),(54,1);
/*!40000 ALTER TABLE `search_tracking` ENABLE KEYS */;
UNLOCK TABLES;
SET @@SESSION.SQL_LOG_BIN = @MYSQLDUMP_TEMP_LOG_BIN;
/*!40103 SET TIME_ZONE=@OLD_TIME_ZONE */;

/*!40101 SET SQL_MODE=@OLD_SQL_MODE */;
/*!40014 SET FOREIGN_KEY_CHECKS=@OLD_FOREIGN_KEY_CHECKS */;
/*!40014 SET UNIQUE_CHECKS=@OLD_UNIQUE_CHECKS */;
/*!40101 SET CHARACTER_SET_CLIENT=@OLD_CHARACTER_SET_CLIENT */;
/*!40101 SET CHARACTER_SET_RESULTS=@OLD_CHARACTER_SET_RESULTS */;
/*!40101 SET COLLATION_CONNECTION=@OLD_COLLATION_CONNECTION */;
/*!40111 SET SQL_NOTES=@OLD_SQL_NOTES */;

-- Dump completed on 2024-10-27 22:44:37
